scenario,strategy,job_index,makespan_seconds,energy_joules
homogeneous,fixed_equal,0,4.4681,278.1821
homogeneous,fixed_equal,1,4.25,272.406
homogeneous,fixed_equal,2,4.25,258.6126
homogeneous,fixed_equal,3,4.397,265.5532
homogeneous,fixed_equal,4,4.3322,278.4672
homogeneous,fixed_equal,5,4.25,246.3059
homogeneous,fixed_equal,6,4.5288,271.9571
homogeneous,fixed_equal,7,4.4415,281.5023
homogeneous,fixed_equal,8,4.3835,273.4951
homogeneous,fixed_equal,9,4.7686,291.5392
homogeneous,fixed_equal,10,4.25,256.9255
homogeneous,fixed_equal,11,4.4771,276.6571
homogeneous,fixed_equal,12,4.25,261.6153
homogeneous,fixed_equal,13,4.25,264.757
homogeneous,fixed_equal,14,4.6733,283.0615
homogeneous,fixed_equal,15,4.2893,267.094
homogeneous,fixed_equal,16,4.9904,286.5618
homogeneous,fixed_equal,17,4.7692,283.8736
homogeneous,fixed_equal,18,4.4071,273.2995
homogeneous,fixed_equal,19,4.7435,281.0487
homogeneous,fixed_equal,20,4.2668,264.9862
homogeneous,fixed_equal,21,4.7452,273.7713
homogeneous,fixed_equal,22,4.5886,286.4595
homogeneous,fixed_equal,23,4.2566,264.4595
homogeneous,fixed_equal,24,4.25,256.8467
homogeneous,fixed_equal,25,4.3662,267.7441
homogeneous,fixed_equal,26,4.4672,279.8275
homogeneous,fixed_equal,27,4.2767,272.8136
homogeneous,fixed_equal,28,4.6742,278.952
homogeneous,fixed_equal,29,4.5387,285.5968
homogeneous,fixed_equal,30,4.3641,276.6546
homogeneous,fixed_equal,31,4.5988,285.0687
homogeneous,fixed_equal,32,4.4653,263.5054
homogeneous,fixed_equal,33,5.1106,288.2699
homogeneous,fixed_equal,34,4.2595,272.5813
homogeneous,fixed_equal,35,4.2971,267.2833
homogeneous,fixed_equal,36,4.4645,282.9847
homogeneous,fixed_equal,37,4.6928,287.4941
homogeneous,fixed_equal,38,4.4095,280.5228
homogeneous,fixed_equal,39,4.4172,274.1015
homogeneous,proportional_snapshot,0,8.75,286.5541
homogeneous,proportional_snapshot,1,8.75,291.2615
homogeneous,proportional_snapshot,2,8.75,308.447
homogeneous,proportional_snapshot,3,8.75,294.7094
homogeneous,proportional_snapshot,4,8.75,279.552
homogeneous,proportional_snapshot,5,8.75,283.4477
homogeneous,proportional_snapshot,6,8.75,300.2104
homogeneous,proportional_snapshot,7,8.75,288.0138
homogeneous,proportional_snapshot,8,8.75,302.0876
homogeneous,proportional_snapshot,9,8.75,295.4567
homogeneous,proportional_snapshot,10,8.75,294.8472
homogeneous,proportional_snapshot,11,8.75,289.3738
homogeneous,proportional_snapshot,12,8.75,289.4028
homogeneous,proportional_snapshot,13,8.75,294.7784
homogeneous,proportional_snapshot,14,8.75,298.3069
homogeneous,proportional_snapshot,15,8.75,294.5316
homogeneous,proportional_snapshot,16,8.75,293.6366
homogeneous,proportional_snapshot,17,8.75,298.2238
homogeneous,proportional_snapshot,18,8.75,299.9252
homogeneous,proportional_snapshot,19,8.75,298.2222
homogeneous,proportional_snapshot,20,8.75,289.2289
homogeneous,proportional_snapshot,21,8.75,304.0549
homogeneous,proportional_snapshot,22,8.75,295.6216
homogeneous,proportional_snapshot,23,8.75,291.605
homogeneous,proportional_snapshot,24,8.75,301.4418
homogeneous,proportional_snapshot,25,8.75,298.0319
homogeneous,proportional_snapshot,26,8.75,289.6194
homogeneous,proportional_snapshot,27,8.75,293.6003
homogeneous,proportional_snapshot,28,8.75,292.5894
homogeneous,proportional_snapshot,29,8.75,300.2608
homogeneous,proportional_snapshot,30,8.75,303.8303
homogeneous,proportional_snapshot,31,8.75,289.189
homogeneous,proportional_snapshot,32,8.75,294.3828
homogeneous,proportional_snapshot,33,8.75,279.3152
homogeneous,proportional_snapshot,34,8.75,290.8628
homogeneous,proportional_snapshot,35,8.75,292.8342
homogeneous,proportional_snapshot,36,8.75,291.3937
homogeneous,proportional_snapshot,37,8.75,293.2889
homogeneous,proportional_snapshot,38,8.75,294.3648
homogeneous,proportional_snapshot,39,8.75,288.0452
homogeneous,adaptive_dlt,0,5.161,273.5085
homogeneous,adaptive_dlt,1,4.25,258.2102
homogeneous,adaptive_dlt,2,4.3119,275.1845
homogeneous,adaptive_dlt,3,4.5964,269.8179
homogeneous,adaptive_dlt,4,4.8832,285.8681
homogeneous,adaptive_dlt,5,4.3296,265.9532
homogeneous,adaptive_dlt,6,4.8315,284.5176
homogeneous,adaptive_dlt,7,4.25,253.7454
homogeneous,adaptive_dlt,8,4.7559,290.4605
homogeneous,adaptive_dlt,9,4.6713,288.8145
homogeneous,adaptive_dlt,10,4.25,275.9283
homogeneous,adaptive_dlt,11,4.25,269.2861
homogeneous,adaptive_dlt,12,4.5082,270.777
homogeneous,adaptive_dlt,13,4.48,269.8314
homogeneous,adaptive_dlt,14,5.0124,303.0798
homogeneous,adaptive_dlt,15,4.375,250.186
homogeneous,adaptive_dlt,16,4.7074,266.2076
homogeneous,adaptive_dlt,17,4.5366,273.1303
homogeneous,adaptive_dlt,18,4.3318,271.3713
homogeneous,adaptive_dlt,19,4.125,264.0046
homogeneous,adaptive_dlt,20,4.352,259.6311
homogeneous,adaptive_dlt,21,4.5538,280.9633
homogeneous,adaptive_dlt,22,4.125,262.0434
homogeneous,adaptive_dlt,23,4.3867,276.8207
homogeneous,adaptive_dlt,24,4.4427,280.3587
homogeneous,adaptive_dlt,25,4.2593,276.0838
homogeneous,adaptive_dlt,26,4.25,265.1404
homogeneous,adaptive_dlt,27,4.6385,272.2582
homogeneous,adaptive_dlt,28,4.4279,276.271
homogeneous,adaptive_dlt,29,4.7007,289.0451
homogeneous,adaptive_dlt,30,4.3845,277.2797
homogeneous,adaptive_dlt,31,4.25,263.1447
homogeneous,adaptive_dlt,32,4.125,256.1846
homogeneous,adaptive_dlt,33,4.1659,265.8144
homogeneous,adaptive_dlt,34,4.125,262.8415
homogeneous,adaptive_dlt,35,4.0,246.4886
homogeneous,adaptive_dlt,36,4.6765,267.6953
homogeneous,adaptive_dlt,37,4.6184,282.0856
homogeneous,adaptive_dlt,38,4.125,255.6085
homogeneous,adaptive_dlt,39,4.7431,283.1292
heterogeneous_rate,fixed_equal,0,7.3685,289.9079
heterogeneous_rate,fixed_equal,1,8.6488,318.7574
heterogeneous_rate,fixed_equal,2,7.6982,290.0658
heterogeneous_rate,fixed_equal,3,6.8629,274.2792
heterogeneous_rate,fixed_equal,4,7.3335,288.5916
heterogeneous_rate,fixed_equal,5,8.8652,314.1846
heterogeneous_rate,fixed_equal,6,9.0269,322.019
heterogeneous_rate,fixed_equal,7,7.721,287.2475
heterogeneous_rate,fixed_equal,8,7.9121,296.5423
heterogeneous_rate,fixed_equal,9,8.2108,311.9699
heterogeneous_rate,fixed_equal,10,7.3319,286.0438
heterogeneous_rate,fixed_equal,11,8.0415,297.908
heterogeneous_rate,fixed_equal,12,9.7465,334.1937
heterogeneous_rate,fixed_equal,13,8.9842,319.3467
heterogeneous_rate,fixed_equal,14,8.1167,299.5467
heterogeneous_rate,fixed_equal,15,9.4893,332.0135
heterogeneous_rate,fixed_equal,16,7.0034,280.1411
heterogeneous_rate,fixed_equal,17,8.1833,307.8633
heterogeneous_rate,fixed_equal,18,7.6645,296.1166
heterogeneous_rate,fixed_equal,19,7.9029,297.1981
heterogeneous_rate,fixed_equal,20,6.9889,276.1182
heterogeneous_rate,fixed_equal,21,6.926,277.6484
heterogeneous_rate,fixed_equal,22,6.9339,289.2496
heterogeneous_rate,fixed_equal,23,7.6548,295.91
heterogeneous_rate,fixed_equal,24,9.0748,320.8594
heterogeneous_rate,fixed_equal,25,8.595,312.8145
heterogeneous_rate,fixed_equal,26,9.0226,323.0539
heterogeneous_rate,fixed_equal,27,7.5736,295.8842
heterogeneous_rate,fixed_equal,28,7.6317,290.5872
heterogeneous_rate,fixed_equal,29,8.3643,305.0483
heterogeneous_rate,fixed_equal,30,8.132,307.8243
heterogeneous_rate,fixed_equal,31,8.6438,317.5499
heterogeneous_rate,fixed_equal,32,7.818,294.1307
heterogeneous_rate,fixed_equal,33,6.9665,276.0746
heterogeneous_rate,fixed_equal,34,8.697,310.0193
heterogeneous_rate,fixed_equal,35,8.6946,314.9566
heterogeneous_rate,fixed_equal,36,7.7403,296.3259
heterogeneous_rate,fixed_equal,37,8.6484,312.3291
heterogeneous_rate,fixed_equal,38,6.0096,258.9088
heterogeneous_rate,fixed_equal,39,8.3899,312.2489
heterogeneous_rate,proportional_snapshot,0,8.75,256.6006
heterogeneous_rate,proportional_snapshot,1,8.75,263.2242
heterogeneous_rate,proportional_snapshot,2,8.75,248.7272
heterogeneous_rate,proportional_snapshot,3,8.75,284.2348
heterogeneous_rate,proportional_snapshot,4,8.75,251.0765
heterogeneous_rate,proportional_snapshot,5,8.75,261.7453
heterogeneous_rate,proportional_snapshot,6,8.75,275.1253
heterogeneous_rate,proportional_snapshot,7,8.75,267.6293
heterogeneous_rate,proportional_snapshot,8,8.75,285.1286
heterogeneous_rate,proportional_snapshot,9,8.75,254.1677
heterogeneous_rate,proportional_snapshot,10,8.75,285.0224
heterogeneous_rate,proportional_snapshot,11,8.75,269.1099
heterogeneous_rate,proportional_snapshot,12,8.75,276.6634
heterogeneous_rate,proportional_snapshot,13,8.75,273.2175
heterogeneous_rate,proportional_snapshot,14,8.75,253.975
heterogeneous_rate,proportional_snapshot,15,8.75,275.1407
heterogeneous_rate,proportional_snapshot,16,8.75,271.4412
heterogeneous_rate,proportional_snapshot,17,8.75,255.6125
heterogeneous_rate,proportional_snapshot,18,8.75,266.1199
heterogeneous_rate,proportional_snapshot,19,8.75,269.0821
heterogeneous_rate,proportional_snapshot,20,8.75,249.357
heterogeneous_rate,proportional_snapshot,21,8.75,275.8067
heterogeneous_rate,proportional_snapshot,22,8.75,260.9432
heterogeneous_rate,proportional_snapshot,23,8.75,276.8686
heterogeneous_rate,proportional_snapshot,24,8.75,260.3705
heterogeneous_rate,proportional_snapshot,25,8.75,273.2168
heterogeneous_rate,proportional_snapshot,26,8.75,282.9639
heterogeneous_rate,proportional_snapshot,27,8.75,271.3291
heterogeneous_rate,proportional_snapshot,28,8.75,257.8935
heterogeneous_rate,proportional_snapshot,29,8.75,285.7527
heterogeneous_rate,proportional_snapshot,30,8.75,257.3782
heterogeneous_rate,proportional_snapshot,31,8.75,273.9016
heterogeneous_rate,proportional_snapshot,32,8.75,263.4833
heterogeneous_rate,proportional_snapshot,33,8.75,269.1207
heterogeneous_rate,proportional_snapshot,34,8.75,278.6126
heterogeneous_rate,proportional_snapshot,35,8.75,291.2628
heterogeneous_rate,proportional_snapshot,36,8.75,281.3419
heterogeneous_rate,proportional_snapshot,37,8.75,258.4922
heterogeneous_rate,proportional_snapshot,38,8.75,284.5162
heterogeneous_rate,proportional_snapshot,39,8.75,247.5809
heterogeneous_rate,adaptive_dlt,0,5.0,235.9078
heterogeneous_rate,adaptive_dlt,1,3.4378,194.7252
heterogeneous_rate,adaptive_dlt,2,3.125,200.2693
heterogeneous_rate,adaptive_dlt,3,3.5002,201.2356
heterogeneous_rate,adaptive_dlt,4,3.3285,208.9125
heterogeneous_rate,adaptive_dlt,5,3.25,199.2541
heterogeneous_rate,adaptive_dlt,6,3.125,195.2061
heterogeneous_rate,adaptive_dlt,7,3.5144,212.1556
heterogeneous_rate,adaptive_dlt,8,3.6361,211.288
heterogeneous_rate,adaptive_dlt,9,3.4716,201.9076
heterogeneous_rate,adaptive_dlt,10,3.4232,208.1992
heterogeneous_rate,adaptive_dlt,11,3.3958,212.4586
heterogeneous_rate,adaptive_dlt,12,3.2942,205.3194
heterogeneous_rate,adaptive_dlt,13,3.5678,215.7823
heterogeneous_rate,adaptive_dlt,14,3.261,198.9286
heterogeneous_rate,adaptive_dlt,15,3.25,198.2426
heterogeneous_rate,adaptive_dlt,16,3.8057,219.8659
heterogeneous_rate,adaptive_dlt,17,3.3468,212.0295
heterogeneous_rate,adaptive_dlt,18,3.3418,204.5753
heterogeneous_rate,adaptive_dlt,19,3.8071,214.6511
heterogeneous_rate,adaptive_dlt,20,3.4776,211.1801
heterogeneous_rate,adaptive_dlt,21,3.483,202.0069
heterogeneous_rate,adaptive_dlt,22,3.4373,209.3601
heterogeneous_rate,adaptive_dlt,23,3.4296,203.7262
heterogeneous_rate,adaptive_dlt,24,3.1968,196.4017
heterogeneous_rate,adaptive_dlt,25,3.3038,204.7617
heterogeneous_rate,adaptive_dlt,26,3.5731,206.9024
heterogeneous_rate,adaptive_dlt,27,3.4867,211.8584
heterogeneous_rate,adaptive_dlt,28,3.3556,202.2165
heterogeneous_rate,adaptive_dlt,29,3.6056,199.1577
heterogeneous_rate,adaptive_dlt,30,3.6681,206.5328
heterogeneous_rate,adaptive_dlt,31,3.7549,209.3122
heterogeneous_rate,adaptive_dlt,32,3.3299,204.9137
heterogeneous_rate,adaptive_dlt,33,3.4212,215.8618
heterogeneous_rate,adaptive_dlt,34,3.475,216.6633
heterogeneous_rate,adaptive_dlt,35,3.3426,207.2047
heterogeneous_rate,adaptive_dlt,36,3.25,208.8195
heterogeneous_rate,adaptive_dlt,37,3.25,201.6679
heterogeneous_rate,adaptive_dlt,38,3.5493,214.4966
heterogeneous_rate,adaptive_dlt,39,3.3597,210.4184
heterogeneous_overhead,fixed_equal,0,4.25,250.1832
heterogeneous_overhead,fixed_equal,1,5.197,282.4713
heterogeneous_overhead,fixed_equal,2,4.8007,279.9573
heterogeneous_overhead,fixed_equal,3,4.7726,283.7588
heterogeneous_overhead,fixed_equal,4,4.25,257.4799
heterogeneous_overhead,fixed_equal,5,4.8038,273.8803
heterogeneous_overhead,fixed_equal,6,4.4134,269.2568
heterogeneous_overhead,fixed_equal,7,4.3194,259.2484
heterogeneous_overhead,fixed_equal,8,4.8191,278.2647
heterogeneous_overhead,fixed_equal,9,4.6063,264.2029
heterogeneous_overhead,fixed_equal,10,4.3631,276.6707
heterogeneous_overhead,fixed_equal,11,4.25,236.0573
heterogeneous_overhead,fixed_equal,12,4.8203,280.2675
heterogeneous_overhead,fixed_equal,13,4.25,236.4073
heterogeneous_overhead,fixed_equal,14,4.8895,263.2619
heterogeneous_overhead,fixed_equal,15,4.8768,264.26
heterogeneous_overhead,fixed_equal,16,5.4778,279.4961
heterogeneous_overhead,fixed_equal,17,4.25,263.2904
heterogeneous_overhead,fixed_equal,18,4.635,264.5384
heterogeneous_overhead,fixed_equal,19,4.25,266.1643
heterogeneous_overhead,fixed_equal,20,5.1093,283.0503
heterogeneous_overhead,fixed_equal,21,4.3026,250.5639
heterogeneous_overhead,fixed_equal,22,4.3761,249.4492
heterogeneous_overhead,fixed_equal,23,4.7101,257.8309
heterogeneous_overhead,fixed_equal,24,5.5662,291.8051
heterogeneous_overhead,fixed_equal,25,4.7213,269.9773
heterogeneous_overhead,fixed_equal,26,4.25,262.8103
heterogeneous_overhead,fixed_equal,27,5.0254,271.0613
heterogeneous_overhead,fixed_equal,28,4.25,245.371
heterogeneous_overhead,fixed_equal,29,4.5243,265.7483
heterogeneous_overhead,fixed_equal,30,4.8215,261.3989
heterogeneous_overhead,fixed_equal,31,4.587,252.9503
heterogeneous_overhead,fixed_equal,32,4.6918,259.9248
heterogeneous_overhead,fixed_equal,33,4.25,244.1472
heterogeneous_overhead,fixed_equal,34,4.9576,269.2421
heterogeneous_overhead,fixed_equal,35,4.9139,264.6127
heterogeneous_overhead,fixed_equal,36,4.3172,254.4699
heterogeneous_overhead,fixed_equal,37,4.5909,264.5469
heterogeneous_overhead,fixed_equal,38,4.6157,264.2637
heterogeneous_overhead,fixed_equal,39,4.3007,246.6211
heterogeneous_overhead,proportional_snapshot,0,8.75,305.1674
heterogeneous_overhead,proportional_snapshot,1,8.75,298.2352
heterogeneous_overhead,proportional_snapshot,2,8.75,305.9717
heterogeneous_overhead,proportional_snapshot,3,8.75,310.7255
heterogeneous_overhead,proportional_snapshot,4,8.75,301.3507
heterogeneous_overhead,proportional_snapshot,5,8.75,323.1724
heterogeneous_overhead,proportional_snapshot,6,8.75,297.758
heterogeneous_overhead,proportional_snapshot,7,8.75,306.3288
heterogeneous_overhead,proportional_snapshot,8,8.75,297.9963
heterogeneous_overhead,proportional_snapshot,9,8.75,300.4997
heterogeneous_overhead,proportional_snapshot,10,8.75,302.2032
heterogeneous_overhead,proportional_snapshot,11,8.75,313.1686
heterogeneous_overhead,proportional_snapshot,12,8.75,301.8524
heterogeneous_overhead,proportional_snapshot,13,8.75,300.6347
heterogeneous_overhead,proportional_snapshot,14,8.75,295.5264
heterogeneous_overhead,proportional_snapshot,15,8.75,310.7362
heterogeneous_overhead,proportional_snapshot,16,8.75,313.3886
heterogeneous_overhead,proportional_snapshot,17,8.75,306.0095
heterogeneous_overhead,proportional_snapshot,18,8.75,307.2772
heterogeneous_overhead,proportional_snapshot,19,8.75,302.7922
heterogeneous_overhead,proportional_snapshot,20,8.75,300.2898
heterogeneous_overhead,proportional_snapshot,21,8.75,298.1475
heterogeneous_overhead,proportional_snapshot,22,8.75,303.2454
heterogeneous_overhead,proportional_snapshot,23,8.75,300.755
heterogeneous_overhead,proportional_snapshot,24,8.75,303.3559
heterogeneous_overhead,proportional_snapshot,25,8.75,304.1684
heterogeneous_overhead,proportional_snapshot,26,8.75,303.6827
heterogeneous_overhead,proportional_snapshot,27,8.75,308.6538
heterogeneous_overhead,proportional_snapshot,28,8.75,298.8958
heterogeneous_overhead,proportional_snapshot,29,8.75,307.2304
heterogeneous_overhead,proportional_snapshot,30,8.75,297.685
heterogeneous_overhead,proportional_snapshot,31,8.75,300.7071
heterogeneous_overhead,proportional_snapshot,32,8.75,306.3549
heterogeneous_overhead,proportional_snapshot,33,8.75,309.1334
heterogeneous_overhead,proportional_snapshot,34,8.75,308.8315
heterogeneous_overhead,proportional_snapshot,35,8.75,305.4139
heterogeneous_overhead,proportional_snapshot,36,8.75,307.2615
heterogeneous_overhead,proportional_snapshot,37,8.75,301.7659
heterogeneous_overhead,proportional_snapshot,38,8.75,302.9318
heterogeneous_overhead,proportional_snapshot,39,8.75,310.076
heterogeneous_overhead,adaptive_dlt,0,4.7696,252.2922
heterogeneous_overhead,adaptive_dlt,1,4.2105,254.6771
heterogeneous_overhead,adaptive_dlt,2,4.1716,251.6946
heterogeneous_overhead,adaptive_dlt,3,4.411,268.8868
heterogeneous_overhead,adaptive_dlt,4,4.1569,261.9264
heterogeneous_overhead,adaptive_dlt,5,4.0,249.145
heterogeneous_overhead,adaptive_dlt,6,4.6482,260.3399
heterogeneous_overhead,adaptive_dlt,7,4.4473,273.2968
heterogeneous_overhead,adaptive_dlt,8,4.3875,268.7081
heterogeneous_overhead,adaptive_dlt,9,4.3687,269.6126
heterogeneous_overhead,adaptive_dlt,10,4.2041,257.6375
heterogeneous_overhead,adaptive_dlt,11,4.1635,263.9329
heterogeneous_overhead,adaptive_dlt,12,4.2726,259.7345
heterogeneous_overhead,adaptive_dlt,13,4.7135,271.6311
heterogeneous_overhead,adaptive_dlt,14,4.1985,263.9482
heterogeneous_overhead,adaptive_dlt,15,5.0876,286.8526
heterogeneous_overhead,adaptive_dlt,16,4.25,242.6761
heterogeneous_overhead,adaptive_dlt,17,4.1361,257.7653
heterogeneous_overhead,adaptive_dlt,18,4.3659,268.1399
heterogeneous_overhead,adaptive_dlt,19,4.0366,255.2946
heterogeneous_overhead,adaptive_dlt,20,4.3573,260.4025
heterogeneous_overhead,adaptive_dlt,21,4.0,237.9677
heterogeneous_overhead,adaptive_dlt,22,4.1042,245.35
heterogeneous_overhead,adaptive_dlt,23,4.5612,262.0538
heterogeneous_overhead,adaptive_dlt,24,4.7311,281.8192
heterogeneous_overhead,adaptive_dlt,25,4.1349,261.6014
heterogeneous_overhead,adaptive_dlt,26,4.0422,248.252
heterogeneous_overhead,adaptive_dlt,27,4.3939,264.9515
heterogeneous_overhead,adaptive_dlt,28,4.4688,270.9378
heterogeneous_overhead,adaptive_dlt,29,4.125,254.1987
heterogeneous_overhead,adaptive_dlt,30,4.5131,280.3549
heterogeneous_overhead,adaptive_dlt,31,4.125,247.9977
heterogeneous_overhead,adaptive_dlt,32,4.0,242.5145
heterogeneous_overhead,adaptive_dlt,33,4.6419,270.2574
heterogeneous_overhead,adaptive_dlt,34,4.0487,252.6565
heterogeneous_overhead,adaptive_dlt,35,5.0885,278.1049
heterogeneous_overhead,adaptive_dlt,36,4.4206,262.4697
heterogeneous_overhead,adaptive_dlt,37,4.2804,257.9652
heterogeneous_overhead,adaptive_dlt,38,4.3392,266.4339
heterogeneous_overhead,adaptive_dlt,39,4.125,258.7974
unreliable_helper,fixed_equal,0,4.6077,286.5647
unreliable_helper,fixed_equal,1,8.375,301.3264
unreliable_helper,fixed_equal,2,4.25,271.0973
unreliable_helper,fixed_equal,3,5.1142,295.9743
unreliable_helper,fixed_equal,4,8.375,290.9211
unreliable_helper,fixed_equal,5,4.7455,271.0157
unreliable_helper,fixed_equal,6,8.375,291.2842
unreliable_helper,fixed_equal,7,8.375,285.1706
unreliable_helper,fixed_equal,8,8.375,289.0558
unreliable_helper,fixed_equal,9,4.25,256.9037
unreliable_helper,fixed_equal,10,4.3852,279.8372
unreliable_helper,fixed_equal,11,8.375,293.5433
unreliable_helper,fixed_equal,12,8.375,296.3687
unreliable_helper,fixed_equal,13,8.375,302.2755
unreliable_helper,fixed_equal,14,4.9489,297.8437
unreliable_helper,fixed_equal,15,4.3305,273.0175
unreliable_helper,fixed_equal,16,8.375,284.423
unreliable_helper,fixed_equal,17,8.375,288.296
unreliable_helper,fixed_equal,18,8.375,281.8972
unreliable_helper,fixed_equal,19,4.3979,276.9797
unreliable_helper,fixed_equal,20,5.2469,289.8365
unreliable_helper,fixed_equal,21,8.375,293.2609
unreliable_helper,fixed_equal,22,4.25,258.731
unreliable_helper,fixed_equal,23,4.25,262.2649
unreliable_helper,fixed_equal,24,8.375,284.6109
unreliable_helper,fixed_equal,25,4.25,270.8704
unreliable_helper,fixed_equal,26,4.737,278.3469
unreliable_helper,fixed_equal,27,4.25,258.9261
unreliable_helper,fixed_equal,28,4.25,269.7292
unreliable_helper,fixed_equal,29,12.5,312.5
unreliable_helper,fixed_equal,30,8.375,283.3169
unreliable_helper,fixed_equal,31,8.375,285.1942
unreliable_helper,fixed_equal,32,8.375,307.6738
unreliable_helper,fixed_equal,33,4.25,264.8259
unreliable_helper,fixed_equal,34,4.2512,270.9372
unreliable_helper,fixed_equal,35,8.375,299.0872
unreliable_helper,fixed_equal,36,4.5977,282.6722
unreliable_helper,fixed_equal,37,8.375,288.7017
unreliable_helper,fixed_equal,38,8.375,293.0969
unreliable_helper,fixed_equal,39,4.5851,277.2091
unreliable_helper,proportional_snapshot,0,10.75,300.6915
unreliable_helper,proportional_snapshot,1,8.75,293.5766
unreliable_helper,proportional_snapshot,2,8.75,300.3934
unreliable_helper,proportional_snapshot,3,8.75,301.1177
unreliable_helper,proportional_snapshot,4,10.5,308.7168
unreliable_helper,proportional_snapshot,5,12.5,312.5
unreliable_helper,proportional_snapshot,6,10.125,295.9593
unreliable_helper,proportional_snapshot,7,10.375,303.8205
unreliable_helper,proportional_snapshot,8,8.75,301.6543
unreliable_helper,proportional_snapshot,9,10.625,309.1358
unreliable_helper,proportional_snapshot,10,10.625,303.1875
unreliable_helper,proportional_snapshot,11,10.25,297.0659
unreliable_helper,proportional_snapshot,12,8.75,303.0453
unreliable_helper,proportional_snapshot,13,10.625,302.7948
unreliable_helper,proportional_snapshot,14,8.75,300.3868
unreliable_helper,proportional_snapshot,15,8.75,298.4305
unreliable_helper,proportional_snapshot,16,8.75,300.7572
unreliable_helper,proportional_snapshot,17,8.75,295.7864
unreliable_helper,proportional_snapshot,18,10.375,297.1779
unreliable_helper,proportional_snapshot,19,10.875,306.4554
unreliable_helper,proportional_snapshot,20,10.75,303.7643
unreliable_helper,proportional_snapshot,21,10.375,296.6669
unreliable_helper,proportional_snapshot,22,8.75,294.715
unreliable_helper,proportional_snapshot,23,8.75,290.1933
unreliable_helper,proportional_snapshot,24,8.75,292.4778
unreliable_helper,proportional_snapshot,25,10.625,306.6242
unreliable_helper,proportional_snapshot,26,10.625,306.9349
unreliable_helper,proportional_snapshot,27,8.75,301.3126
unreliable_helper,proportional_snapshot,28,10.75,304.7019
unreliable_helper,proportional_snapshot,29,8.75,301.6617
unreliable_helper,proportional_snapshot,30,10.75,307.9436
unreliable_helper,proportional_snapshot,31,10.875,309.1345
unreliable_helper,proportional_snapshot,32,10.5,302.9749
unreliable_helper,proportional_snapshot,33,8.75,301.2216
unreliable_helper,proportional_snapshot,34,8.75,290.6914
unreliable_helper,proportional_snapshot,35,8.75,297.1908
unreliable_helper,proportional_snapshot,36,10.625,301.3953
unreliable_helper,proportional_snapshot,37,8.75,292.2776
unreliable_helper,proportional_snapshot,38,8.75,302.1698
unreliable_helper,proportional_snapshot,39,8.75,297.1489
unreliable_helper,adaptive_dlt,0,8.75,296.2588
unreliable_helper,adaptive_dlt,1,5.3521,282.1722
unreliable_helper,adaptive_dlt,2,4.5,268.4244
unreliable_helper,adaptive_dlt,3,4.375,278.0519
unreliable_helper,adaptive_dlt,4,8.0,279.5278
unreliable_helper,adaptive_dlt,5,7.5,290.4874
unreliable_helper,adaptive_dlt,6,7.375,281.6767
unreliable_helper,adaptive_dlt,7,6.1164,300.2374
unreliable_helper,adaptive_dlt,8,5.6649,295.9722
unreliable_helper,adaptive_dlt,9,5.0,275.2519
unreliable_helper,adaptive_dlt,10,4.75,269.2218
unreliable_helper,adaptive_dlt,11,8.0,300.4874
unreliable_helper,adaptive_dlt,12,7.75,294.434
unreliable_helper,adaptive_dlt,13,5.4506,281.7061
unreliable_helper,adaptive_dlt,14,7.875,277.469
unreliable_helper,adaptive_dlt,15,5.4405,281.2645
unreliable_helper,adaptive_dlt,16,7.75,282.118
unreliable_helper,adaptive_dlt,17,5.3783,287.3346
unreliable_helper,adaptive_dlt,18,4.875,259.8388
unreliable_helper,adaptive_dlt,19,7.625,299.236
unreliable_helper,adaptive_dlt,20,5.076,277.437
unreliable_helper,adaptive_dlt,21,7.75,282.7929
unreliable_helper,adaptive_dlt,22,6.1481,302.4957
unreliable_helper,adaptive_dlt,23,7.75,293.7424
unreliable_helper,adaptive_dlt,24,7.5,278.6728
unreliable_helper,adaptive_dlt,25,7.125,291.9152
unreliable_helper,adaptive_dlt,26,7.0,291.6545
unreliable_helper,adaptive_dlt,27,6.875,273.6683
unreliable_helper,adaptive_dlt,28,6.1781,287.0781
unreliable_helper,adaptive_dlt,29,7.125,291.5959
unreliable_helper,adaptive_dlt,30,7.0,282.1936
unreliable_helper,adaptive_dlt,31,5.7947,279.0516
unreliable_helper,adaptive_dlt,32,6.0297,282.6328
unreliable_helper,adaptive_dlt,33,4.875,262.4239
unreliable_helper,adaptive_dlt,34,5.0891,279.2976
unreliable_helper,adaptive_dlt,35,4.8994,286.1533
unreliable_helper,adaptive_dlt,36,8.25,305.0668
unreliable_helper,adaptive_dlt,37,8.0,292.7969
unreliable_helper,adaptive_dlt,38,7.625,285.8066
unreliable_helper,adaptive_dlt,39,5.375,263.2309
